Student_ID,Name,Department,Python,NumPy,Pandas,Statistics,Data_Analysis,Attendance,Total,Average,Grade,Result
ST001,Aarav Sharma,CSE-AIML,78,85,74,88,82,91,407,81.4,A,Pass
ST002,Priya Verma,CSE-AIML,92,89,95,90,94,96,460,92.0,A+,Pass
ST003,Rahul Singh,CSE-AIML,65,72,68,70,64,78,339,67.8,C,Pass
ST004,Ananya Gupta,CSE-AIML,84,81,79,86,88,89,418,83.6,A,Pass
ST005,Rohan Kumar,CSE-AIML,55,61,58,64,60,72,298,59.6,D,Fail
ST006,Neha Patel,CSE-AIML,88,93,85,91,87,95,444,88.8,A,Pass
ST007,Vikash Yadav,CSE-AIML,42,48,51,45,39,67,225,45.0,F,Fail
ST008,Sneha Das,CSE-AIML,76,79,83,75,81,88,394,78.8,B,Pass
ST009,Aditya Roy,CSE-AIML,69,66,72,68,74,80,349,69.8,C,Pass
ST010,Kavya Mishra,CSE-AIML,95,91,93,96,90,98,465,93.0,A+,Pass
ST011,Aman Khan,CSE-AIML,58,54,62,57,60,70,291,58.2,D,Fail
ST012,Ishita Jain,CSE-AIML,81,86,80,84,82,92,413,82.6,A,Pass
ST013,Mohit Sahu,CSE-AIML,73,71,69,77,75,85,365,73.0,B,Pass
ST014,Simran Kaur,CSE-AIML,64,63,67,61,65,76,320,64.0,C,Pass
ST015,Karan Mehta,CSE-AIML,49,44,46,52,41,68,232,46.4,F,Fail
ST016,Pooja Sharma,CSE-AIML,87,82,90,85,89,94,433,86.6,A,Pass
ST017,Nitin Verma,CSE-AIML,61,59,64,63,58,74,305,61.0,C,Fail
ST018,Muskan Gupta,CSE-AIML,79,77,82,80,76,86,394,78.8,B,Pass
ST019,Harsh Tiwari,CSE-AIML,91,88,89,92,93,97,453,90.6,A+,Pass
ST020,Riya Singh,CSE-AIML,68,75,70,73,69,83,355,71.0,B,Pass
